row_id,gender,SeniorCitizen,Partner,Dependents,tenure,PhoneService,MultipleLines,InternetService,OnlineSecurity,OnlineBackup,DeviceProtection,TechSupport,StreamingTV,StreamingMovies,Contract,PaperlessBilling,PaymentMethod,MonthlyCharges,TotalCharges
63,-0.1452454886958003,0.1416976087912917,0.06833520675078035,-0.0009765036528309156,-8.090088763716234e-08,-0.007658423762768503,0.010426800331721704,0.03926931984722614,-0.002428337646027401,-0.009806852558006852,0.00046487481022874114,-0.029241482336074116,-0.009048811427007123,-0.014638551237682493,-0.01492012705653907,-0.030634559001773597,-0.0631597258336842,0.023870023557295405,0.027979246315856774
4,0.15250100004176298,0.06205451072504122,-0.00719952741016944,-0.0005165007834633204,-1.638631025961216e-07,-0.005649731519321595,0.0082877186872065,0.03444624545673528,0.012234385410944617,-0.005074926956246298,0.071947827724119,-0.014188174636413654,-0.01047078441828489,0.06576828852295875,-0.007317258721838399,-0.017311824802309264,0.14091337349886696,0.018785239048302167,-0.010610690067211785
79,0.2495645098264018,-0.02080002182473739,-0.03405923752735059,0.0005444062625368506,-1.610567172335986e-07,-0.006009345203638087,0.009424639300753669,-0.012762136533856399,-0.005690854303538796,0.00139675689240297,-0.015469939534862828,0.009455595674614117,0.003314554641644152,-0.016116341501474372,0.002374856745203338,0.004894714541733264,0.1855468956939876,-0.014900154819091162,0.0002229202787081344
230,-0.12073688340683779,0.13179125912487508,0.03268393153324724,0.0004309962503612023,-1.1033068101605943e-07,-0.005353920087218275,0.007595925033092507,0.03434190773094694,0.012819002643227577,-0.004085758241514367,0.00015383275846639807,-0.015003074190268924,-0.009907355085015302,-0.00924960548368592,-0.010987969404086471,-0.01101047877843181,0.13705430395280319,0.014840670836468535,-0.009506014312307047
15,0.2375735219133397,-0.0167982222698629,-0.025474751361956195,-0.0006408154591917963,-1.7574677864627222e-07,-0.00620565004025897,0.009285859229664002,-0.012885576809446008,-0.004944249844799439,0.0011793690423170823,-0.015001163799315676,0.008228205647319546,0.00286318921794494,-0.015241977783540897,0.0020368606907625875,0.004212624666591486,0.19052002401401602,0.01923861703524987,0.000161445761720345
215,-0.16201096491267283,0.04863855385842423,0.02124521822358171,-0.0005133535806089532,-1.960868636757355e-07,0.004582196654131014,-0.010292413824548336,0.03760932983209691,0.01880082963655393,-0.002395108118653301,0.0001756297734876409,-0.015038749581823755,-0.011316992330054445,0.05743448975185555,-0.00496390108019113,-0.009568901912619667,0.11872388303900759,-0.00979195069521666,-0.00567384702463945
5,-0.0337125108577311,-1.1854556699595365e-05,0.0013845245105524918,-0.0007581386839349997,4.085401691134953e-09,-0.0038987315632402924,0.00948366357013583,-0.012151095842321715,0.0005063616794844412,0.0018920952081680226,-0.025140950363129373,0.011784213079760473,0.0031745964847505036,-0.02297711783399185,0.003622260553141434,0.006183776638160146,-0.14394512062892315,-0.015580384923766052,-0.010132827255874874
133,0.08232000400001806,-0.01121220089495182,-0.05854005342349411,-0.0008472143361965828,-1.1231750255552564e-08,-0.006525120673080288,0.01129417618115743,-0.012797043714672328,-0.0013212089613080069,0.002277953419834369,-0.030047104315211372,0.01345181110625466,0.004034420674045874,-0.02442651651799679,0.004052749034017326,0.006305091098571819,-0.17413258811769386,-0.020687171767155323,-0.0003649016655981596
126,0.19449262432133152,-0.017665809144576394,-0.036427893141905476,-0.0006439510422448386,-8.448958396338006e-08,-0.005970088001340618,0.009707312267273656,-0.01359640007217725,-0.005860084245602286,0.0017670395846168183,-0.015955681571116046,0.009150643001000087,0.0032996605212489796,-0.01713471867764989,0.0024837712943553947,0.004538071043789389,0.20450435657054186,-0.01635211928437154,-0.011881159059703356
88,0.11368154024084408,0.044080207838366414,-0.007256160986920189,-0.0005423937862118177,-1.0686616103381767e-07,-0.0043547181164225,0.008344988698760674,0.03499685368190209,0.015270848373572036,-0.0039965621133645395,0.07117646883552274,-0.03557787293568253,-0.010927472741653533,0.06119410870596765,-0.011786660055319474,-0.011687827259302152,0.15988803654288253,0.018170368311305845,0.0004369085654616402
235,-0.2319839939723413,5.1786725719770006e-05,0.041942497231066224,0.00037495144332448893,-1.2263655662682338e-07,0.004004773149887718,0.00663299637536208,-0.011345714678366986,-0.00896904893840353,0.0008349288006623603,-0.015537285010019941,0.008974637184292077,0.0028779261559247903,-0.015072193307181207,0.0021342178806662577,0.004615771844983094,-0.07530493903905154,0.011725563624252885,0.024713020684818426
156,-0.22382060838863257,0.08324991359685859,-0.014194752524296453,0.0003668132176001826,-2.990166345084866e-08,-0.0028813752345740844,0.006003983654081818,0.03309766589353481,0.019943110365420572,-0.0014001623416940456,0.05758504892388979,-0.014794146971156198,-0.00961107380067309,0.051387815251946446,-0.005756695928672947,-0.007887739750246205,0.08118536172434687,0.010610069613903752,0.02935025878250598
144,-0.0408615928888321,-0.015086429479221506,-0.00798441088447968,0.0006842461104194358,-2.222135663208317e-08,0.006444532585640746,-0.01714886546755831,-0.01652796393881242,-0.0036832560102144896,0.0018926618993282244,-0.0241591544325153,0.011444223864624903,0.003666931614279742,-0.022974173724651336,0.003283799154063067,0.005885038580745462,-0.0775449937954545,-0.01733895151565473,0.03521426154921451
94,-0.20770606822023785,0.002100466346989074,0.040796722676604974,0.00034450521692632775,-3.30743690352131e-08,0.003887497230122482,-0.00814697153245409,-0.010268175707509118,-0.006580967009067541,0.0009115903389950615,-0.014583193454891438,0.008631463864197329,0.002428364244600139,-0.015530634361008806,0.0019708616286516173,0.0037831952547033604,-0.084204989541322,0.012238217834383253,-0.004007590835293132
187,0.17642449267208574,0.05420958256969851,-0.026514895192037025,0.0007325542656083881,-2.011222144035485e-07,-0.008350287216405064,0.010632288300742705,0.039032578331728775,0.0029832565039396275,-0.008739779448757567,0.003858970490594705,-0.04343250778814156,-0.008267020365844183,-0.009327012735108537,-0.011870069528619444,-0.016647750673194735,0.23102471983681125,-0.019395825788378722,0.000270610128839809
123,-0.06986581899225712,-0.011670749261975283,0.015330475668112435,-0.0008655817185839037,-2.575417360160352e-08,-0.00457850929349661,0.010700762011110776,-0.014270913911362482,-0.0039263003940383555,0.0017780808359384493,-0.023770012445747845,0.012604172403613724,0.003958917781710618,-0.02271252385030191,0.003321712824205561,0.006352662208179634,-0.07090728522588809,-0.015468288535873098,-0.00027876851459344526
193,-0.03273504891743262,-0.014793840659161409,-0.010052641282478963,-0.000864170019825309,4.980713129432157e-08,0.006337096480031806,-0.015950251414130135,-0.014738014390071228,-0.0035395819693803837,0.002001585786541299,-0.02634598123530547,0.01300175216048956,0.003530344652632868,-0.02236455363531907,0.003124347105622294,0.005774218098570896,-0.08048310150702793,-0.017014200886090593,-0.00035697215547164304
172,0.17187474528327584,-0.01998612914855282,-0.03514216523617506,0.0004995980175832836,-7.714455325010434e-08,-0.0053119282114009085,0.009341361907621236,-0.01325246291235089,-0.006041229901214441,0.0016722894335786456,-0.017143196860949193,0.009679215997457498,0.0034386842325329647,-0.01720470820864042,0.002128445804119109,0.005268967089553679,0.20991034772247077,-0.01596293666089575,-0.011781915867080293
89,0.05520355252549051,-0.02439828720564643,-0.011411054587612546,-0.0006659136091669409,-6.031244993478142e-08,-0.0053640718758106234,0.009278520246346787,-0.012908684623738127,-0.006518504892786335,0.0011671169847250057,-0.01723610226064921,0.010796624943613992,0.0032723200259109236,-0.017253637139995896,0.0021224699045221096,0.004563390190402671,0.17176048727706072,-0.01446905275185903,-0.005920910295099037
23,-0.17037642259150745,-0.01600804615144928,0.038256018683314325,-0.0005018847559889137,-5.2234778805000194e-08,0.004188675520320729,0.006773154872159162,-0.011199770489086713,-0.0042232587809364,0.0009415281998614503,-0.01653403323764602,0.009111736770719287,0.002431191528836874,-0.014729009208579858,0.002102636334796746,0.004182414828489223,-0.08640977412462236,-0.008985582726697125,-0.009090734788527092
98,0.22172522846609355,0.03196203442911307,-0.030300853212053586,0.0007011802246173112,-1.9418696562088314e-07,-0.0060901037665704915,-0.013213366220394774,0.03622725212636094,0.008900852420677724,-0.00645386596520742,0.09057366829986373,-0.018980089643349234,-0.013640374566117925,-0.006082012293239433,-0.00989990939075748,-0.016731701195240024,0.20986590605850017,-0.016609418994436662,0.00018376813580591364
198,0.12419312790036204,-0.018663180203487475,-0.028374034402271108,0.0005232780178387996,-8.133550484743883e-08,-0.005889871219793961,-0.01291978303343057,-0.01333642099052669,-0.005750694523255037,0.0014104684442281755,-0.017810934788237014,0.009561096529165905,0.0032926716655492815,-0.01791318864872059,0.002553992072741186,0.004634098131209616,0.19923757274945578,-0.01591985126957298,0.00034041104217370083
119,-0.09515516021599374,-0.013470584054787954,0.018528023560841874,-0.0007639448965589234,-1.8936892358610107e-08,0.005565075799822809,-0.01340993747115135,-0.014099479056894779,-0.00392865245540937,0.0014651899536450633,-0.021279711077610657,0.011413164002199966,0.003417795151472098,-0.021316553217669326,0.002985766281684237,0.0056737776597340925,-0.06598138439158599,-0.014398966456453006,-0.00023618963857492103
152,-0.0059126256282130965,-0.015461728398998578,-0.017828052242596943,0.0006967620427409867,-6.413708131143096e-08,0.006717098845789829,-0.016270898108681046,-0.016096851242085302,-0.0031064369653661995,0.0023028400664528194,-0.02633874285966158,0.013213193677365774,0.0036467704673608194,-0.023748914853980143,0.00382681454221407,0.0064857589577635155,-0.08663129956771931,-0.018506949506700038,-0.00025295895834763607
130,-0.1232115122675896,0.004066946792105831,0.03505960167696078,0.0005101773763696386,-7.900098959503128e-08,0.005298371737202003,-0.012457373266418771,-0.012027510441839695,-0.0046423854057987615,0.0013893777007857866,-0.020341206404070056,0.010933281145989895,0.0030425089597702036,-0.019327138798932237,0.0028354826693733474,0.005138392224907879,-0.05525385608275732,-0.01236102454364299,-0.00023484945297241067
161,-0.013575073132912311,0.0028652569154898333,0.001422007555762934,0.0004707009096940375,-2.7691324550512448e-08,-0.0046232977261146,0.008562563968201467,-0.012974611396590863,-0.01421647818138202,0.0010163788124918892,-0.015449860903124016,0.009232786359886322,0.0029286531607309874,-0.01575116919974486,0.0019619786987701998,0.004178257770836348,0.1530488613123695,0.01721408020704985,-0.011330455243587499
58,-0.11580655996377269,-0.01772183968375126,0.02462156151731809,0.0004482808212439189,-7.785856723866354e-08,-0.003089259409656127,0.007592056157688304,-0.012354229191939034,-0.004338385562102001,0.0010757055319845679,-0.018137106491873677,0.010456617511808868,0.002838414888828992,-0.017424849855403112,0.002190397605299946,0.004563359568516408,-0.10272818077355622,-0.010093136746436355,-0.00968520414084196
50,0.14865371674920122,0.021353739884992434,-0.01941800520134469,-0.0006935947947204179,-1.1754532654173477e-07,-0.005943897360314923,-0.013867702701439463,0.04569798378273845,0.011779157842199019,-0.0066372170268247654,0.005758884499470385,-0.04057359219839176,-0.015324200736358762,0.09044489091262221,-0.008526065895954766,-0.0142161284883817,0.19464234985100726,-0.01726887990099689,0.0002057838595161792
216,0.24422542124986646,-0.014766725040972234,-0.041497665705780194,0.0005559244503577481,-1.1834005516260978e-08,-0.006499272181342046,0.009664246222625171,-0.011782609770695363,-0.00564373111973208,0.0011493511870503358,-0.014840379338711499,0.008437929737071206,0.0029727308327953,-0.017071757465600967,0.002377930854757631,0.0045760348501304796,0.20084110461175442,-0.015071054367969431,0.00021564696605006622
27,0.15425499341761073,-0.015593780986964704,-0.06713013289496302,0.0008916250740488378,5.72825471593467e-08,-0.007873266413807872,0.014230886635680997,-0.016402460603664317,-0.001901756562292578,0.002889804666241011,-0.02915408142531911,0.014727697521448138,0.0044484786565104975,-0.027634299273292223,0.004347296897321932,0.0076049794505039766,-0.09079322512572009,-0.02518955058107773,-7.257548471292785e-06
80,0.11271151476850112,0.0033919839498897423,-0.021142677124589688,0.0005135573136309709,-5.029141902692288e-08,-0.0056871570025881155,-0.01263636914392313,-0.013604664796342458,-0.010808953444162992,0.0014675735682249068,-0.01670109703515967,0.010994462867577865,0.0032256313475469748,-0.01689278087268274,0.0026166571304202086,0.005026157783965271,0.1887872514873743,-0.016361789144575586,-0.011342531343301135
120,0.09584227860594789,0.04296107543011505,-0.008553754265109707,0.0005111835959057051,-1.6191974283134383e-07,0.006468132684628172,-0.011804456878453487,0.04160798841466506,0.013829958556840804,-0.005239270267387235,0.07944302506744862,-0.01681465516487757,-0.013559525925666095,-0.007974396112064517,-0.008029777891933909,-0.013867978900671008,0.18531258121132854,-0.014173322369654968,0.0004555670668681515
77,-0.18467829504360758,0.1135451656890412,0.05395792584245406,0.00040573890631397336,-6.242965658956785e-08,-0.0040115546807646734,-0.010084987866381796,-0.012689140941947693,-0.002756035005052887,-0.005068153484414024,0.07719439626360934,-0.03447174742196998,-0.009079303486893576,-0.009848367882271605,-0.007440280752877396,-0.010356052902837599,-0.05328249896566073,-0.011471953454116985,-0.007622302925835051
54,0.21488993243624768,0.003307014343639216,-0.014857648592442268,0.0004239204650123886,-1.1067216594320047e-07,-0.005203332764407015,0.007765873658160363,0.035786361986150345,0.014191205687820898,-0.003999405776460967,0.06300256986171006,-0.028564224957178058,-0.011164583675563328,0.06316589507584769,-0.004939895365387202,-0.009667373610039538,0.13632029935717582,0.017368949142595135,0.03259893250962099
14,-0.04786378452554344,-0.015545045143614211,-0.002560420967638494,0.0005706221672395791,-1.1709829174597989e-08,0.005589877981692551,0.009482470924655593,-0.013571583870798347,-0.0033706658395628183,0.0015730100994308781,-0.025481559075415133,0.01109763995433847,0.0031526660236219487,-0.020532604251056907,0.0030122735537588628,0.005994710611800354,-0.1359068714020153,-0.015305949070801341,-0.005804930639763675
194,-0.03745873212814331,-0.026645248892406617,-0.00037736141433318315,-0.0005800866087277747,-5.719562371636622e-08,-0.004175793230533606,0.008259745712081585,-0.01319741877416769,-0.0067109165713191065,0.0007497295116384815,-0.015873380949099864,0.009266994756956892,0.002997663517793025,-0.016416478467484317,0.0018225625157356218,0.004262525985638303,0.14780351437628267,0.016065350386003655,-0.011397312618792059
218,0.23777574405694998,-0.020637872548152993,-0.031096590956052144,0.0005616540648043095,-1.063384115739437e-07,-0.006140200775116689,-0.012968665932615598,-0.011354418018211916,-0.005516667490204172,0.0016587536161144709,-0.016032176737984034,0.008980282060801969,0.0032226989604532594,-0.017458477665980656,0.002301474902778861,0.005011304542422291,0.19747618082910776,-0.015609019634624308,0.0002432723964254068
231,0.24949386327217016,-0.018135696438451594,-0.030855123630414417,-0.0006062896922230688,-6.19391600324241e-08,0.007306750522305561,0.009379960149526587,-0.011298529654741282,-0.005425784500936673,0.0010822249328096788,-0.01391171500086785,0.008050057217478748,0.002823728621005999,-0.015430931101242702,0.0018185506264368652,0.004391317528982956,0.18252477334191408,0.020841951680680124,-0.005488661900162698
181,-0.05837885509555538,0.0944062867139776,0.025650765976558132,0.0004943156925340415,-1.3744458556239994e-07,-0.005259515636910998,-0.01194950023045143,0.03689706824719905,0.009240558718641585,-0.005804904655863835,0.0011629379789034517,-0.016630204096436497,-0.007154757808893917,-0.009591090790927405,-0.00829886401693026,-0.013193722174813356,0.17608891564731796,0.018148583192378286,0.00010811893890301978
179,-0.045173664552470044,-0.014552161066482461,-0.00591765497500698,0.0005415398006637871,-1.586973667350629e-08,-0.004061806369572878,0.008847213052213187,-0.011982064911474785,-0.003156335006157558,0.0017302017534772563,-0.02551267645011346,0.012290714016805088,0.003243216561774407,-0.022533777933567766,0.0033286347178121435,0.005619033922751739,-0.13718688789755107,-0.014560320302844045,-0.01088950403655569
92,-0.15136474965761107,-0.016278402457634615,0.031789904832839964,0.00045885546753803713,-9.302049875393552e-08,0.0050089219212532095,0.008054886957009634,-0.012658074560264744,-0.005114153909186527,0.0011628879482547389,-0.017838319167494777,0.011141727777818841,0.0028297559792796762,-0.017283265876273313,0.0024804187566041893,0.0045749575893084165,-0.04839891742914915,-0.010606413061420123,-0.010435319120685264
125,-0.09428142194946608,0.0017026279618342702,0.010875140925248468,-0.0005973123262325887,-5.009273688095598e-08,0.00497127778828144,0.008116841912269595,-0.013360395294924573,-0.014390967314442003,0.0006518660734097075,-0.015580783449113378,0.009696654404203095,0.00289401619384686,-0.01606852432092031,0.0019792763392130486,0.0038416575019558272,0.13025096810112397,-0.01050977729260922,0.03233047456791003
204,0.21061018180722993,-0.019359013910094904,-0.032962082338829836,0.0005451423426469278,-3.123035033127571e-08,-0.006033535103003189,0.00921961658944686,-0.012687731410066292,-0.0056077653045455604,0.0014767746378978087,-0.01669262930129965,0.01004273399710655,0.003235831366231038,-0.017158062600841132,0.0028622851644953193,0.005056360239783918,0.19498415915295486,-0.014927374534308915,0.00011127045378088683
95,0.21917960301041606,0.01785930569594105,-0.020619740728288895,0.0005349608138203501,-2.639740705514167e-07,0.005695480977495504,-0.011281563416123389,0.03664695573349794,0.015083619989454749,-0.004455767497420313,0.07729346682627997,-0.016899206172674895,-0.011258252430707232,0.0599341625968615,-0.007538354042917486,-0.014723107789953548,0.15778405925258993,-0.01469841038187344,0.0341152639190356
139,0.12753573695818585,-0.014978589881211516,-0.08122328251600265,0.0006909260836740245,2.507741251750924e-08,0.006979015118752916,-0.017488832244028637,-0.013000302451352285,-0.0019437271853288026,0.002325298053522906,-0.026770598475510884,0.01159742430162926,0.003717247474317752,-0.02570427753652135,0.0040945112518966185,0.0069525421038270025,-0.18532574806362392,-0.021721704043447976,-0.012332133011271569
103,0.01035183593630791,0.03614212739591797,0.0073454177131255455,-0.001057094925393659,2.1041681363733373e-08,-0.007839498538523922,0.013229868561029435,0.03521819440647959,-0.01094037025546034,-0.011619053042183318,-0.0028018755962451285,-0.032664420641958715,-0.018461201352377738,-0.01680243950958053,-0.017609300228456647,-0.024317173802604272,-0.09648409056787692,0.03016851825639606,-0.0004826529882848325
128,-0.17117430411900084,0.022473051138222205,0.014984632711857572,-0.0004631921524802761,-1.210346818013297e-07,0.004698673064510027,-0.009549303520470858,0.03449701572457949,0.018030480338881407,-0.0022161053804059853,0.06463691331446171,-0.029457508008927116,-0.010654901638627048,-0.008713295143097646,-0.004436851429442563,-0.009617040616770581,0.10905223830292622,0.0122908104149004,-0.010615147588153693
225,-0.10530109194417797,-0.014555007318655654,0.0318539858609438,0.00048486317197481897,-1.3671815397968875e-08,0.005548042046527066,-0.012012403942644597,-0.0120158813521266,-0.0030335140352447856,0.0014620267227292022,-0.021397999295343948,0.010663024503737692,0.0033925826785465023,-0.018961158990859994,0.003025576795140908,0.00501642517745495,-0.11845068592578177,-0.012808382324874407,-0.010183751030514637
166,0.1418683692192038,-0.012060577906668181,-0.07213774469991525,0.0008695849527915293,-2.9926498755957396e-09,0.009240256814906993,-0.020264722791810835,-0.017571573480963703,-0.0024306221182147695,0.0026767389352122897,-0.03007400234540304,0.015901409536600113,0.0050632805625597495,-0.026942930581669012,0.005006721864144012,0.007911452054977413,-0.09230176135897637,-0.025746837481856345,0.043126192980756366
76,-0.03718871494134268,-0.013781853218873348,0.0006925301626324668,-0.0008423920844992036,-4.711250463709793e-08,-0.005161335580050948,0.010878567633529504,-0.014751114758352434,-0.00395771553119023,0.0021450110897421847,-0.02369926097492377,0.011981503441929808,0.0038719044253229993,-0.024324732162058355,0.003914657856027283,0.007050968719025447,-0.07518748526150983,-0.017113234189649423,-0.012626712750643483
199,0.007883626036345957,0.006842257454991334,0.0006592586388190607,-0.0005815459166963859,-6.275872389827075e-08,0.006194311504562689,-0.011402882498999444,-0.013651159952084222,-0.012603747807443146,0.001273449485500654,-0.015085849290092783,0.00874851644039154,0.00306071014453968,-0.016847749402125675,0.002310071500639115,0.0047549375519156415,0.15658303213616212,0.018029045077661673,-0.005288640086849532
101,-0.18463300314421452,0.037277797479182466,0.06302360288177929,-0.0008151281811296813,-1.2380381425476186e-07,0.0060251909121870955,0.010033578531195726,0.03784724942098061,0.01082237240547935,-0.0057327810736994035,0.000354357517013944,-0.054545045389483376,-0.007902134315421186,0.07493759987254939,-0.010481439530849452,-0.014938839556028443,-0.050705288288493966,-0.0139623814697067,-0.00030814075842499716
28,-0.08971015483761828,-0.014829323440790182,0.02108707924683888,-0.0006734689076741551,1.2889504431382962e-08,-0.0034339285021026907,0.008626483008265502,-0.012752925238261622,-0.003232009907563523,0.0014236228168010665,-0.020999541692435744,0.010855716746300459,0.0032572306878864755,-0.019046775164703527,0.003095053670307001,0.0049975728864471115,-0.11741869406153758,-0.012662947314480944,-0.010544625421365106
147,0.16785868512466548,-0.01216657909254233,-0.09300147482504449,0.0007697847423454111,-4.104028151462787e-09,-0.007457121654103199,0.013099903874099249,-0.015251219881077605,-0.001318675993631289,0.002510984974602842,-0.028887213238825395,0.01587874732911587,0.003827528742452462,-0.027924741854270296,0.004187542746464404,0.006379757281392814,-0.18727770411098998,-0.023991692128280784,-0.00013128558794657866
67,-0.15501325526585183,0.021969870533794168,0.04972730609277883,0.0005643319649000963,-1.396114627551237e-07,-0.0051662325114011755,0.009245667277524865,0.037865693749239045,0.00877943061292171,-0.004512019287794822,-0.0006930290100475202,-0.048212527502328156,-0.014670345739771924,0.0781325995735824,-0.009757008502880731,-0.015958166085183616,-0.05467675067484378,0.019929688448707263,-0.006442682774116602
113,0.060952335819602,-0.01299683084711433,-0.039399753945569195,-0.0010395708183447532,-6.311262647449671e-08,0.008759519259134936,0.014148383053640523,-0.016554288510233165,-0.002903276557723683,0.002181700933724639,-0.02860467402264474,0.015508672185242168,0.004866741212705764,-0.02904931779950858,0.004527592280258733,0.007938915217916174,-0.16215380902091664,0.029654026739299292,0.040458176111181576
91,0.05308016161123911,-0.01623312700539828,-0.0441466964222491,-0.00092424232512713,1.3100604214869952e-08,0.007580131298551958,-0.017397548450777928,-0.015484396101286019,-0.003300439907858764,0.0023491243521372475,-0.025296209541459877,0.012716646256546173,0.0038484414356450315,-0.024422178336729605,0.003683818075805896,0.0064926213833192995,-0.09226495078454415,-0.021397917903959753,-0.006394864699492856
190,-0.1687159111102422,-0.0008808757861455269,0.04164384917045633,0.0004015335440635664,-8.650124073162717e-08,0.004076965805143113,-0.009458290524780755,-0.011383006560305756,-0.0059913954759637554,0.0010067998493711167,-0.016833958588540553,0.008819924804071578,0.002825860194861886,-0.016445575679341958,0.002241029689709346,0.004198205868403121,-0.09073369923979045,0.013575635713835563,-0.0045428618043661115
55,-0.04631720515588919,-0.02017245481411617,-0.00026459152499834726,-0.0005784583091735877,-4.8888226353756746e-08,0.005646129560967286,-0.011459866290291146,-0.013592873327434063,-0.006671358918150249,0.0009429847324887939,-0.01663158778101206,0.009375159194072091,0.0030458628013729934,-0.017404358064134918,0.0019123066961765228,0.004261391957600909,0.15183437755952275,0.016344061208268004,-0.011449805920322742
236,0.08818353124583761,-0.02426749719306828,-0.022567595162739356,-0.0006575578575332952,-5.538264911258972e-08,-0.005291271147628622,0.009591735036422808,-0.013787743262946602,-0.006744677796959878,0.0013901220137874301,-0.017348361201584356,0.010765361624459423,0.0031929699331521982,-0.017178113746146365,0.0021964940925439263,0.005049403235316281,0.1870019491141041,-0.015603999905288225,-0.005729153926173844
158,0.16241792182127635,-0.014496119810889165,-0.07467736076563597,0.0008832403955360245,8.543332410728318e-09,-0.007969995494931943,0.014681369786461194,-0.01631139329945048,-0.002895500541975106,0.002784653597821782,-0.029508141595870258,0.016380663868039852,0.004478157709042223,-0.029889378733932978,0.004771023845920968,0.00813807445267836,-0.09276181617130835,-0.02465184181928635,-0.00019879757737119308
117,-0.13688598528504373,-0.018449035262068116,0.031465268010894464,0.0005320521816611299,-9.752810001493566e-08,-0.0036691380292177187,0.00908428019533554,-0.014107462825874488,-0.0058429705351591135,0.0012155486394961716,-0.019270346139868107,0.011730830309291678,0.003297136090695861,-0.018500433551768468,0.0025789761543273866,0.0046883322671055746,-0.05051429204642773,-0.011436105022827788,0.03169841854522625
242,-0.08442662759373587,-0.019132379678388437,0.013573671393096454,0.0005451018735766431,-1.8961727621507236e-08,-0.0038388988127311084,0.009425837049881614,-0.012337307215978704,-0.003929795660078519,0.0015662450902163988,-0.021351496564845248,0.011903030946850773,0.0031163163234790114,-0.02202230539172888,0.0032653609663248055,0.005235419558982051,-0.12129000763719283,0.01829335861528913,-0.011239999073247112
40,0.22170463065306348,-0.017157453478624417,-0.027254780766864634,0.0005185027793049695,-8.588035902331222e-08,-0.006071365053455037,0.00930967731401325,-0.013961705143253005,-0.00572565315912166,0.0014823836709062163,-0.016148776474098382,0.009280830807983871,0.0030473234814902064,-0.016988814032326136,0.0026208094010750312,0.00470975720013182,0.1949864421909054,-0.014946967189510656,0.00027455757682521886
211,-0.1125445187712709,-0.013653230319420498,0.03320975026736656,0.0005046021814147621,-1.4584511522664859e-08,-0.0033651653056343375,0.008407221871117752,-0.011468852286537492,-0.0031807456786433863,0.0012863717476526918,-0.01991918118049701,0.010563115403056147,0.0029905185227592757,-0.01939145271976789,0.0027537210161487197,0.0047845460909108324,-0.10900181349366904,-0.011553161380191643,-0.010397530669967335
150,0.08234075441646081,-0.013356589612861484,-0.0586020681882898,-0.0008524899060527499,-5.992750326186402e-08,-0.006101867333054536,0.011624870275457699,-0.014636313139150545,-0.0024350243310133583,0.0025042581558227545,-0.02670129620470107,0.013527039842059213,0.0038399138177434475,-0.027948019709438082,0.004490792937576766,0.006344197367628414,-0.1738677843225499,-0.021329596489667896,-0.0004094028224547718
178,-0.13182052021225296,0.13565685246760648,0.03852949016417065,-0.0006192685291171093,-4.861503839886002e-08,-0.004783882405608887,0.00732050277292729,-0.014462198317050931,-0.005563740165283278,-0.004281384789695344,0.08517582978432375,-0.036530339283247774,-0.006272964763144672,0.062169555810590575,-0.007237309999763961,-0.011875155456364162,-0.040052233785390856,0.017680780620624618,-0.00015823311482866462
173,-0.2154258873375754,0.00042538331821560864,0.050860687972356884,-0.0005007448916633904,-8.863707383575485e-08,0.004064783727129293,0.006315408560136948,-0.010276352657626074,-0.0059113983934124354,0.0011591636203229494,-0.015499835318575302,0.009086738464732963,0.0024921560349563734,-0.01510769951467713,0.0020598059830566288,0.004173340058575074,-0.07988808381681639,-0.008716739248484371,-0.00821703186879556
106,-0.140061573634545,-0.014208309526244809,0.03260569329063096,0.0004314893980820976,-2.4748345220949413e-08,0.004700406640768053,-0.010660457077125707,-0.011576500417043766,-0.003921557640035942,0.0010833546767632218,-0.0177736147493124,0.010045042851318915,0.0028819180155793852,-0.017360350054999203,0.002016540498783193,0.003890715092420576,-0.0915521796544393,-0.010178072576721512,-0.0003794051893055451
81,-0.033919919033845274,-0.016953150952855753,-0.007229161721964674,0.0006691356624166205,1.3113021846607639e-08,0.007018161055942372,-0.015294971689581873,-0.013661132057507838,-0.0034778724362452807,0.0020029652491211866,-0.025022187195718287,0.012652445559700333,0.003665580439070853,-0.023668973284463084,0.003760320171713828,0.006101642486949766,-0.07645004902034996,0.024283296950161456,-0.012869513208667442
137,-0.0824480706701676,-0.015030004444221647,0.016083136412004633,0.0006066252042849808,-2.6499231655050897e-08,-0.004455324349304043,-0.01417801273365816,-0.014191049262881282,-0.003883697378138698,0.001614601661761603,-0.023201061102251213,0.012359503805637351,0.0033964271098375297,-0.021459081495801613,0.003524685402711232,0.005362558600803213,-0.06785113220413526,0.020622147992253304,-0.0002595764895280186
184,-0.20638409326473872,-0.014558468398948511,0.03568940684199332,-0.0005484329164028162,-6.06849789626616e-08,0.004209847686191403,-0.010062559967239697,-0.011371956703563535,-0.004933305730422339,0.0008699606359004927,-0.016084045159320038,0.009866179513434567,0.002567010124524431,-0.01483095737795035,0.001943317924936611,0.004215315679709115,-0.040666900537908085,0.013796544993917142,-0.009034211399654553
1,0.10301462419331076,0.003614848442375663,-0.01192774328092734,-0.0006208949039379885,-1.820859809713767e-07,-0.005481882455448309,-0.010803357331703107,0.04057153291379411,0.0199068842145304,-0.0037073336790005482,0.08274269178509712,-0.03545366810634732,-0.013687787484377628,0.07560187344128887,-0.007212413058926666,-0.013125571838269639,0.14979666269073882,-0.01383319046348333,0.03795832130437095
192,0.09760251603399715,-0.016868577326337498,-0.050316630297650905,0.0008980553845564521,1.6155342269970802e-08,-0.007913332047561806,0.0143657413435479,-0.017295930981636055,-0.003026372492313386,0.002798220701515669,-0.02651076480746269,0.014984912164509291,0.004395934827625749,-0.025983807525287072,0.004716055616736404,0.007193710406621297,-0.08250105063741404,0.0321905401783685,0.00011105718712012269
11,-0.06792790034164985,-0.014221381215999527,0.008221803872535622,-0.0006820966303348538,-4.0897478657704135e-08,0.005228414939095573,-0.012575211394578215,-0.012794378095616904,-0.00266580520818631,0.0017363804765045607,-0.022310619633644817,0.011707671446104849,0.0031404597188035587,-0.021394529994577166,0.003549281209707258,0.006010428685694929,-0.13106753623113035,-0.013717429284006365,-0.0100685319552819
217,0.24584316050633784,-0.023441729061305528,-0.03253823606297372,-0.000633264556527143,-6.357828775255259e-08,0.007800187338143583,-0.012240338797370588,-0.011927963923662905,-0.004789088324954116,0.0012648371110359814,-0.014466942076881728,0.008439031504094597,0.00311767948170504,-0.015697013592968396,0.002081455290317539,0.0042016295902430915,0.18807890752330425,0.02412234738469124,0.00025892476240793144
118,-0.1777216109074652,-0.013631304906060305,0.03907520905137062,-0.00047859651347001837,-1.031470795442857e-07,0.0042226328949133566,-0.008945484496653078,-0.010481280125677582,-0.003679984441647926,0.000882090361167983,-0.016265899855643518,0.008827610475321603,0.002447437358399233,-0.014206623993813993,0.0019488210231065762,0.003549094703048462,-0.08413710406050086,-0.00838943136235078,-0.0044136232758561775
244,-0.18611635712906718,0.0033671899201969217,0.039757034865518404,0.0003783118352293924,-1.2697651982293556e-07,0.0042072848106424,0.0066360681317746625,-0.011263741857061782,-0.007021362930536266,0.0013215283242364706,-0.016456111073493953,0.009308020398020745,0.0027263224000732135,-0.01576556600630284,0.002388539016246792,0.0045738129814465855,-0.08463962780932587,-0.00877747455611825,-0.008476039028416081
20,-0.17116034214695294,-0.015330455998579661,0.04794895406812429,0.000426125551263488,-1.0413428147502031e-07,0.005159370178977651,-0.010915139404435953,-0.012030945867300032,-0.004601250911752389,0.001174453757703308,-0.017136342674493796,0.010072660495837526,0.0028987252339720705,-0.017091874964535247,0.0022003737216194515,0.004643297716975211,-0.09418951572850347,0.0143997325686117,-0.0047468850016593915
191,0.18808119891832276,-0.016366795344899102,-0.030887653908381846,0.0005640121052662613,-6.7098687106526e-08,-0.006518498150010911,0.00967253043005864,-0.013715843800455325,-0.005567053792377326,0.0013699296613534247,-0.016203882296880086,0.009244060566027966,0.0029698106274008776,-0.016467405986040826,0.0023549882695078884,0.004998313033332422,0.1896311105104785,-0.015159329349795992,-0.005647390540689236
46,0.2514478209987283,-0.021136169532934828,-0.027996833963940537,-0.0006048955830434827,-9.064873057971583e-08,0.00742844954753915,-0.01175019595151146,-0.01227760904158155,-0.0049892799121638185,0.001414762071023384,-0.015410293663541469,0.009058367113272339,0.0029569169816871473,-0.015708580482751148,0.002104607559740533,0.0043390546366572314,0.1815423736845454,0.021321392220755422,0.00011934078608948767
208,-0.035469026944289606,-0.014125605088969066,-0.007432912501196064,0.0006562792758146897,-1.2231369817446621e-08,0.005813560361663499,-0.0156624280847609,-0.015094294846057899,-0.003579971219102536,0.0020538445065418852,-0.024180188477039333,0.012577599734067918,0.0036390829086303637,-0.023964381727079553,0.0034321262625356466,0.006383281188706555,-0.08227442532777786,-0.01701112007722259,-0.00024391482273738185
155,-0.08018903144945703,-0.014327577737470475,0.019238921273499722,-0.0006701187292734815,-5.091230059067753e-10,-0.003427133609851212,0.008692481005564336,-0.012634170676271117,-0.0034338817155609535,0.001332757063210007,-0.020662859914203482,0.010715336178739857,0.003113768200079598,-0.019071704158559438,0.002541110397626958,0.004178418374309934,-0.12281573304285605,-0.012781818425282835,-0.00034266086916128385
205,0.2427653623744845,-0.016975671723484985,-0.036666010369857144,0.0005174866442879006,-2.2687017928642767e-08,-0.005723676060636849,0.009841374730070433,-0.012292383772631482,-0.005187472725907967,0.00136579973002274,-0.017301720927158985,0.009517778344452379,0.003242699963351081,-0.015982058160007005,0.0024514558538794467,0.005348570533096793,0.195422266839693,-0.016028766216089337,0.00024680646757284835
154,-0.1554845610881845,-0.013307500245670477,0.0430984177812934,-0.0005914060274759889,-1.2622525294957165e-07,0.004679828559358916,0.007325583646694824,-0.012038054267565407,-0.004452941827476025,0.0010855079566438961,-0.018475082566340763,0.010986849156518772,0.0029223144923647203,-0.01705760111411413,0.0025096057231227503,0.00420905926575263,-0.09207368511706591,-0.009919952265918262,-0.009444196646412216
241,0.15988942677776016,-0.023266628372172526,-0.023951777530213197,0.0005160919328530711,-6.72539075217508e-08,-0.00578916906068723,0.009159700013697147,-0.012566552820305027,-0.006813252754509454,0.0011968382075428889,-0.016061085549493637,0.008873217105865484,0.003168618132670715,-0.015187515417734774,0.002009930287798232,0.00424570540587108,0.1802543267980218,0.020516258825858436,0.00020846236497163578
78,-0.11616486218447487,-0.014561774308482808,0.026243583764880896,-0.0007212703426678983,-3.6731362349287644e-08,-0.003501092232763769,-0.012068288425604506,-0.012452428651352723,-0.003915416983266673,0.0013269914065798117,-0.020557731774946058,0.010366031875212983,0.003096903003752228,-0.01945633636166652,0.002532463719447448,0.004367584064602847,-0.05839644618332385,-0.011719536731640496,-0.00027138906220594675
221,0.00023066349327563926,-0.01670024023080866,-0.021443943356474246,0.0007096793378392821,-4.8379103347271725e-08,0.007197871766984463,-0.017082860643664995,-0.013997817890097694,-0.002728093874951198,0.0021488670259714126,-0.026378378818432496,0.013766869778434434,0.0037246609727541583,-0.023636736174424494,0.003814582129319509,0.005988414039214453,-0.0867331878033777,-0.018989876471459863,-0.0063913783368964965
97,-0.17305850449949503,0.0020670081240435393,0.03923233368744452,-0.0005019868103166401,-7.688999175958315e-08,0.004192271934201318,0.006879718887309233,-0.010866627798726164,-0.006653798557817937,0.0009364280973871523,-0.017398784526934233,0.00875256093839804,0.002673212246348465,-0.015699990987777707,0.002214544160912433,0.0038065887242555597,-0.08296351859346034,-0.00919020942101876,-0.008550984710454942
197,0.2372481805893282,-0.02377366309364637,-0.02698109038795034,-0.000594747091333075,-8.040418227744928e-08,-0.0055560228725274495,0.009301789980381725,-0.011961259388675293,-0.0050158080831170055,0.0010886243171989811,-0.014340697675943363,0.00866877435396114,0.002884418945759535,-0.015479632299393422,0.0017670177482068464,0.004493903728822875,0.18965044513344767,0.020944195191065478,-0.005513280890882021
149,-0.22428488353888196,0.11201669647047917,0.02019085485488176,-0.0005659024852017516,-1.0686616102572229e-07,0.004520639646798364,0.008571730448553961,0.036099731829017406,0.012471845510105292,-0.0028509379892299653,0.0017386182708044873,-0.01649027296652396,-0.011918980814516542,0.07229334113808968,-0.013237249298642083,-0.010437452544768641,-0.041850586583217,0.013338959924876687,0.032304416180898736
143,0.238060372211039,-0.017543907680859176,-0.033217357142517966,0.0005890252379079572,-7.022172213618412e-08,-0.006295237652957438,0.009316055203477551,-0.012896102853119372,-0.004985413309186689,0.0016562837610642085,-0.015024633693198364,0.009896710167328515,0.003008279334753764,-0.016574342064559457,0.002346658799797297,0.0047365598566830105,0.20005806552867098,-0.017621925796071698,0.0002510909301539262
6,0.2000242714645962,-0.018473098874092094,-0.019968242850154628,-0.0005961088712016874,-8.006890615345578e-08,0.0072056884256501905,-0.01113676593949397,-0.012701494097709667,-0.005631487617890033,0.0013098152230183156,-0.015718580242246392,0.008998105290035405,0.003037335003415728,-0.015401303445299467,0.0019441936537623512,0.004165768486758067,0.17923765027274688,0.019841119609773163,0.03217767270902793
2,-0.14355840185657143,0.07258309474835793,0.021404183972626927,0.000395912292102972,-1.8855556846210839e-07,0.0046701699246962805,0.007505199623604612,0.03425353741273283,0.01565825964634617,-0.0029744192212820173,0.00011947798232237715,-0.0348476612009108,-0.01215620667363207,0.06519968763614696,-0.009442862036327512,-0.009918116852641108,0.12684764474009474,0.014400098690142237,-0.005339011922478681
74,-0.20125538901115456,-0.0007954044577976044,0.03444224720199902,-0.0005107749253511444,-9.195258219551102e-08,0.0041736740867296855,0.006704870350658897,-0.010888739638030531,-0.006686737202107909,0.0012236660098036156,-0.014202805943787098,0.009180267490446562,0.0027474022656679142,-0.01476993087679148,0.0018506500000754946,0.004111090314884976,-0.083934593051672,0.012037791324158513,-0.008479596388836705
16,-0.12702993587901193,-0.014272271171212202,0.039201897519330196,-0.0006234535574913021,-2.207855384107893e-08,0.005319723710417748,-0.011440673892696701,-0.012556058950722223,-0.0035205384592215234,0.0010189629718661281,-0.01945728124429783,0.010745318010449402,0.002952926792204383,-0.01852296948432922,0.002881293619672457,0.00438965126872063,-0.10402366574853662,-0.011263290668527284,-0.00031844997157653353
0,0.07405358256772161,-0.017403730085740494,-0.04984771067276597,-0.0010057666028539327,-4.8900643992433324e-08,0.00856756280486783,-0.01866121905545394,-0.015597698086251818,-0.003471611713369694,0.002566671843330056,-0.026129831708967686,0.013970584422349934,0.004086225926876069,-0.025998348581294222,0.004489309601485727,0.007709534677366414,-0.08586021171261866,0.030787480665991712,-0.0001046773046255121
31,-0.1325498098197083,-0.01299135542164246,0.03187899746000766,-0.0006321066369612977,-4.132588704285992e-08,-0.0033449729097386263,0.008552398644387721,-0.012098015745480854,-0.004355578292161229,0.0012897117746372953,-0.02011223620424668,0.010748619350294272,0.0029491463365654163,-0.017758232454458883,0.002948456406593325,0.004420668215801323,-0.103889629257222,0.01610694454361995,-0.00020792748779058465
209,0.15740235367168984,-0.01847359410176675,-0.019139430591215693,-0.0006507604569196713,-8.055319388143116e-08,-0.005422820566842949,0.00951099739720424,-0.013172257132828236,-0.005597199661036345,0.0013733386620879186,-0.015108432304114107,0.00976339948674043,0.003196258718768765,-0.017011096533387907,0.002105945398410155,0.004789430374900497,0.17838103618472814,-0.014588157360752425,0.0002805406600236958
75,0.09993648498008649,-0.014982015825808048,-0.018154033292084936,0.0005243239179253517,-7.485349973190836e-08,0.007214093456665687,-0.01268540676683188,-0.013347079927722617,-0.005759674975027639,0.0013889856760700495,-0.01631848183770974,0.011045913187166053,0.0033980055525898883,-0.01733100189516942,0.0022831157532830957,0.004578197710216042,0.18627602738638718,-0.015040248489628228,-0.005809125291804484
